id_produto,texto
P07,chegou rápido e funciona bem
P03,a bateria não dura nem meio dia
P07,"recomendo, ótimo custo-benefício"
P11,veio com a caixa amassada
P07,"chegou rápido, mas a tela veio riscada"
P02,"ótimo custo, uso todo dia"
P03,parou de carregar em uma semana
P13,veio quebrado
P07,recomendo
P12,a qualidade do som é fantástica
P10,a embalagem veio impecável
P04,estou arrependido dessa compra
P01,"ótimo, quebrou no segundo dia"
P09,o suporte resolveu meu problema na hora
P06,"muito ruim, não recomendo"
P14,desempenho acima do esperado
P08,"muito ruim, pior compra do ano"
P05,experiência terrível do começo ao fim
P04,"produto ruim, entrega atrasada"
P02,o suporte nunca responde
P12,que produto maravilhoso
P09,a qualidade é horrível
P11,chegou rápido e bem embalado
P01,amei cada detalhe
P08,parou de ligar depois de um mês
P14,"bonito, leve e muito prático"
P05,"qualidade excelente, superou o esperado"
P10,"parabéns, conseguiram atrasar a entrega de novo"
P13,a tela é linda e muito nítida
P06,nada funcionou como prometido
P09,fiquei irritado com o atendimento
P05,"chegou incompleto, péssimo"
P06,"tudo perfeito, chegou certinho"
P10,o aplicativo é leve e funciona bem
P03,estou muito contente com o resultado
P01,"muito bem embalado, adorei"
P11,a bateria melhorou muito nessa versão
P13,estou muito satisfeito com o produto
P08,a nova versão ficou ainda melhor
P12,a embalagem chegou toda amassada e o produto quebrado
P14,a nova versão ficou pior
P04,produto de qualidade horrível
P02,"maravilha, veio sem o carregador"
P05,o aplicativo trava toda hora
P11,não gostei do acabamento
P14,difícil de usar e muito lento
P08,"equipe atenciosa, resolveram tudo rápido"
P09,"câmera excelente, fotos incríveis"
P06,simplesmente perfeito
P12,produto frágil e mal construído
P03,o atendimento foi excelente
P10,estou muito insatisfeito com o produto
P04,a qualidade é ótima pelo preço pago
P01,instalação complicada e cheia de erros
P13,o vendedor foi grosseiro e despreparado
P02,"produto horrível, detestei"
P06,"horrível, cheio de defeitos"
P10,não é ruim
P03,"a bateria dura muito, excelente"
P12,o carregador é rápido e eficiente
P04,o suporte foi rude comigo
P07,"dinheiro jogado fora, péssimo"
P11,"funciona muito bem, gostei"
P14,muito prático e fácil de usar
P08,nunca mais compro nessa loja
P05,atendimento impecável
P01,a bateria é fraca e acaba logo
P13,"mal embalado, chegou riscado"
P09,"produto maravilhoso, amei"
P02,fiquei impressionado com a qualidade
P10,chegou antes do prazo e bem embalado
P14,tudo funcionou como prometido
P11,não tenho do que reclamar
P09,"recomendo, funciona perfeitamente"
P07,fone confortável e som de ótima qualidade
P05,gostei muito da experiência de compra
P06,não gostei da experiência de compra
P12,"estou arrependido, não comprem"
P01,a tela é grande e a imagem é excelente
P03,o carregador esquenta demais e parou
P04,parou de funcionar no primeiro dia
P13,o controle é confuso e difícil de usar
P08,veio com defeito e o suporte nunca responde
P02,a tela quebrou sozinha
P04,atendimento rápido e eficiente
P14,a imagem é ruim e a tela é fraca
P12,superou todas as minhas expectativas
P03,nunca tive problema com ele
P01,"o som falha toda hora, horrível"
P11,experiência de compra excelente do começo ao fim
P07,o atendimento foi péssimo
P05,"produto excelente, muito satisfeito"
P02,atendimento lento e ineficiente
P08,muito frágil e mal construído
P06,qualidade péssima
P10,"não funcionou, estou insatisfeito"
P09,"excelente, chegou antes do prazo"
P13,a montagem foi simples e rápida
P04,entrega rápida e produto perfeito
P10,instalação simples e sem dor de cabeça
P01,cumpriu tudo o que prometeu
P09,a qualidade é excelente
P12,não é tão bom quanto dizem
P08,fiquei decepcionado com a qualidade
P13,a peça veio errada e a troca atrasou
P11,foi a melhor decisão que tomei
P07,muito abaixo das minhas expectativas
P02,"atendimento péssimo, ninguém resolve"
P05,me senti muito bem atendido
P03,a bateria estufou em um mês
P14,não vale a pena
P06,"serviço impecável, voltarei a comprar"
P06,a bateria não dura nada
P08,interface bonita e fácil de usar
P05,"produto lento, trava toda hora"
P10,"veio com defeito, não recomendo"
P02,chegou tudo certinho e bem embalado
P14,chegou na terça-feira
P11,me senti muito mal atendido
P01,que produto horrível
P12,"leve, bonito e funciona bem"
P13,o carregador parou de funcionar
P07,"som potente, qualidade fantástica"
P03,a tela veio riscada
P09,estou encantado com esse produto
P04,a entrega atrasou e ninguém avisou
P10,"ótimo, simples e eficiente"
P05,"muito satisfeito, funciona perfeitamente"
P07,não cumpriu nada do que prometeu
P03,"nota zero, cheio de defeitos"
P11,gostei do acabamento
P12,"muito eficiente, economizou meu tempo"
P09,comprei para dar de presente
P06,a costura abriu no primeiro uso
P02,"material resistente e bonito, gostei"
P04,chegou quebrado e mal embalado
P14,fácil de usar e muito eficiente
P13,não funciona como prometido
P08,foi a pior decisão que tomei
P01,"adorei, qualidade fantástica"
P03,"muito bom, uso todos os dias"
P11,nada funciona direito
P02,ótima qualidade pelo preço
P08,estou muito frustrado com a compra
P01,excelente custo benefício
P12,o controle é intuitivo e prático
P05,funciona bem até hoje
P07,é da mesma cor da foto
P13,atrasou e veio com defeito
P14,simplesmente horrível
P06,a entrega atrasou semanas
P09,melhor compra que fiz este ano
P10,"produto excelente, entrega rápida"
P04,péssimo custo benefício
P07,"que decepção, não recomendo"
P04,"péssima qualidade, quebrou no primeiro uso"
P10,carrega rápido e a bateria dura bastante
P06,fiquei muito contente com a entrega
P12,o produto é ótimo e chegou no prazo
P11,superou o que eu esperava pelo preço
P13,o fone parou de funcionar em uma semana
P14,estou muito feliz com a compra
P02,"bonito, mas parou de funcionar"
P09,a montagem é complicada e confusa
P05,recomendo para todo mundo
P08,a entrega chegou antes do prazo
P03,"produto de ótima qualidade, recomendo"
P01,fácil de montar e muito estável
P05,comprei de novo porque vale a pena
P08,desempenho muito abaixo do esperado
P01,"nota dez, sem defeitos"
P09,voltarei a comprar com certeza
P07,"não comprem, é péssimo"
P13,muito complicado de usar
P10,resultado incrível
P03,"ótimo produto, vale cada centavo"
P11,a qualidade do som é horrorosa
P02,"funciona, mas o suporte nunca responde"
P04,adorei o produto
P14,funcionou perfeitamente desde o primeiro dia
P12,"não gostei, muito ruim"
P06,o material é fraco e mal acabado
P05,"muito bom, recomendo para todo mundo"
P01,"a entrega demorou demais, péssimo"
P04,não vale o preço cobrado
P10,produto ruim e mal embalado
P02,"lento e instável, detestei"
P13,pior compra que fiz este ano
P09,"gostei muito, produto excelente"
P06,"vendedor atencioso, gostei muito"
P11,produto durável e bem construído
P03,quebrou no primeiro dia de uso
P08,o tecido é macio e de ótima qualidade
P12,"péssimo, quebrou em uma semana"
P14,vale muito a pena
P07,a tampa quebrou em dois dias
P12,fiquei muito decepcionado
P05,não recomendo para ninguém
P06,estou impressionado com o desempenho
P10,o tecido é áspero e de qualidade ruim
